id;description;sort_order;date_added;date_modified;status
1;dwindle oh;4334;2024-09-10T00:08:31;2024-09-10T13:02:20;RESTRICTED
2;wherever turbulent psst;28113;2024-09-10T02:48:43;2024-09-10T00:07:02;DISABLED
3;ickXX;1068;2024-09-09T17:29:50;2024-09-10T00:44:30;RESTRICTED
4;worthless lumpy;3617;2024-09-10T16:09:03;2024-09-10T14:29:55;DISABLED
5;howXX;21534;2024-09-09T22:41:49;2024-09-10T12:48:37;DISABLED
6;charter;18440;2024-09-09T23:53:14;2024-09-10T09:59:26;AVAILABLE
7;where live friend;6120;2024-09-10T08:04:25;2024-09-10T06:12:04;DISABLED
8;pixellate readily upon;16565;2024-09-09T17:29:11;2024-09-10T10:22:34;DISABLED
9;with phooey oof;7856;2024-09-10T03:57:32;2024-09-10T11:09:17;RESTRICTED
10;blindly;10139;2024-09-09T21:41:24;2024-09-10T15:08:21;AVAILABLE
