id;first_name;last_name;email;telephone
1;Hermina;Welch;"yrU.EQ@an5_F8.UNjy.2vd";"385 89"
2;Dasia;Daniel;"tRn-i@dpCU3C.Pc6L7k.uV1gd.bAH.FRvbI1.Hl80a.RLT";"+ 2"
3;Matt;Prosacco;"r5@BX.bHKh.5d.uQ38UQ.dfXF";" 48"
4;Yesenia;Turner;"KjpFNs@JA.vx.lyy.a.I.Ux6c";"6163"
5;Amparo;Kling;"gP1@bM.xeyPN.d6D.vzPHR.ff.dZ3.7q";"-478"
6;Annamarie;Reichel;"y2cQ@qJl.By8L.FUhdT6.ZtpGF.ivJl.fiX.oKnF";"3841"
7;Shaun;Lebsack;"S@WOR.uZr1He.5nagi9.ZgFO";"+85"
8;Albertha;Leffler;".KynY@rdgO.oP";"212 46"
9;Roel;Koepp;"_A@Td.lp.sH";"986"
10;Malika;Hammes;"4@Bj.x.XVZ";"62"
